rep_id,rep_name,rep_number,email,state,status,created_date,work_type,rep_type
1,Peter Mitchell,V7RAPI,peter@example.com,Pennsylvania,0,2022-11-22,part,0
2,Chad May,CDSZO4,chad@example.com,London,0,2020-03-21,full,1
3,Lori Patterson,UWXP6Q,lorip@example.com,California,0,2019-04-23,part,1
4,Timothy Andrews,846HCY,timot@example.com,Glasgow,0,2021-05-09,part,1
5,Jeremiah Green,B4GLN1,jere@example.com,New York,1,2019-05-24,full,0
6,Joshua Shaw,BXYLMD,josh@example.com,Birmingham,1,2023-05-06,full,0
7,Lisa Malone,4I3N3M,lisam@example.com,Florida,0,2022-12-12,full,1
8,Amanda Marsh,T250MU,aman@example.com,Birmingham,0,2022-06-03,full,1
9,Michael Sanchez,RZZHBW,mich@example.com,London,1,2021-12-01,full,0
10,Andrea Burton,BHLU8K,andre@example.com,Michigan,1,2021-10-22,full,1
11,Stephanie Harris,1828GH,steph@example.com,Georgia,0,2019-09-27,full,1
12,Daniel Griffin,CT7AQT,danie@example.com,North Carolina,1,2021-09-03,full,0
13,Robert Fuentes,RWJ6DM,robe@example.com,Manchester,0,2021-12-24,part,0
14,Andrew Williams,SEWF3Z,andr@example.com,New York,0,2021-05-04,part,0
15,Alyssa Smith,436UBO,alyss@example.com,Michigan,1,2020-06-15,full,0
16,Patrick Torres,KPB7RT,patr@example.com,Texas,1,2020-09-08,part,0
17,Katelyn Chase MD,EPAKYV,kate@example.com,Pennsylvania,1,2020-06-09,full,1
18,Karen David MD,FU8D0J,kare@example.com,Manchester,0,2019-05-22,full,1
19,Roy Bishop,X6KD1P,roybi@example.com,Michigan,0,2020-11-02,part,0
20,Christine Khan,NNOVUG,chris@example.com,Illinois,1,2021-03-22,full,0
21,Nancy Wilcox,X0OMD7,nanc@example.com,Texas,1,2020-07-02,part,1
22,Veronica Stewart,RAV6TC,vero@example.com,Michigan,0,2021-01-23,part,1
23,Robert Jones,YWVCVN,rober@example.com,Illinois,1,2023-06-23,part,0
24,Marie Baker,9DWICL,marie@example.com,Michigan,1,2022-06-11,full,0
25,Tim Hernandez,JHWTQ3,timh@example.com,Glasgow,1,2021-11-09,part,1
26,Elizabeth Rodriguez,ETLG9D,eliza@example.com,Birmingham,0,2020-04-20,part,1
27,Richard Adams,77FQFM,rich@example.com,Michigan,0,2019-05-27,full,1
28,Eric Collins,9CD5T5,ericc@example.com,Georgia,0,2019-10-01,full,1
29,Joy Reyes,RT1AAW,joyr@example.com,London,1,2020-05-23,part,1
30,Gerald Walker,C8G3ZM,gera@example.com,Ohio,1,2019-08-27,full,0
31,Debra Johnson,I3Y22V,debra@example.com,North Carolina,0,2019-12-14,full,0
32,Jeremy Buchanan,XKNETT,jere@example.com,Michigan,1,2022-09-20,full,0
33,Courtney Turner,VLLROU,cour@example.com,Manchester,0,2019-01-04,full,0
34,Katie Velazquez,C4C2AU,kati@example.com,Pennsylvania,0,2023-12-13,full,1
35,Madison Cooper,WX3KLB,madis@example.com,New York,0,2022-06-15,part,0
36,Bradley Hughes,5PJ3B7,bradl@example.com,Texas,0,2023-05-01,full,0
37,Elizabeth Sherman,J7I5G1,eliz@example.com,Pennsylvania,0,2020-01-19,full,1
38,Eric Conway,LVZQ3Y,eric@example.com,Michigan,0,2022-12-16,part,0
39,John Vega,OL1N4C,john@example.com,Manchester,0,2020-03-02,full,0
40,Cheryl Bradshaw,7FBH6Q,cher@example.com,Texas,0,2022-02-21,part,0
41,Tammy Stafford,20J4XO,tammy@example.com,London,0,2020-05-09,part,1
42,Richard Case,HX7G7L,richa@example.com,Manchester,0,2019-05-13,part,1
43,Megan Mckinney,9JWXZZ,megan@example.com,Texas,0,2020-11-27,part,0
44,David Williams,8S17X3,david@example.com,Ohio,0,2023-05-10,full,1
45,Sandy Young,8N1PA0,sand@example.com,Georgia,1,2019-06-29,full,0
46,Dominic Shaw,56KJQM,domin@example.com,Ohio,1,2023-10-05,full,1
47,Wendy Frazier,3KG07Q,wendy@example.com,Georgia,1,2020-09-12,part,0
48,Raymond Hernandez,9KVDCT,raymo@example.com,Illinois,0,2022-05-16,full,0
49,David Vasquez,4LRSJZ,david@example.com,Michigan,1,2021-06-05,full,1
50,James Perez,GS0GP3,jame@example.com,Michigan,0,2022-08-25,full,1
51,Scott Chambers,PF4O24,scot@example.com,Liverpool,1,2020-08-12,full,1
52,Meghan Gross,BVHWFO,megh@example.com,Glasgow,1,2019-07-31,full,0
53,Steven French,6HAPXB,stev@example.com,California,0,2019-10-22,full,1
54,Cheryl Anderson,DQ8BBW,cher@example.com,Ohio,0,2020-06-25,full,0
55,Elizabeth Ramirez,26UPGS,eliz@example.com,Florida,0,2023-10-19,full,0
56,Martin Morse,70RCYK,marti@example.com,North Carolina,0,2023-02-16,part,0
57,Sharon Garcia,9IGUCM,sharo@example.com,Illinois,1,2020-03-08,part,0
58,Tyler Ho,9TB9UI,tyler@example.com,Ohio,0,2021-12-09,part,0
59,Jason Cruz,K5DGLV,jaso@example.com,Ohio,0,2019-03-24,full,0
60,Katherine Williams,CFYQJX,kathe@example.com,Florida,0,2021-11-12,part,1
61,John Horton,2KLN4R,john@example.com,New York,0,2021-04-18,full,0
62,James Erickson,YMB85L,james@example.com,Birmingham,1,2019-10-15,part,1
63,Suzanne Young,3WOK11,suza@example.com,Birmingham,1,2021-12-19,part,0
64,Joshua Jones,21I5KO,joshu@example.com,New York,1,2022-02-08,part,0
65,Robert Williams,7QV9P8,rober@example.com,Glasgow,1,2019-05-05,full,1
66,Mrs. Amy Jones,08FZ1I,mrs.@example.com,Illinois,1,2021-05-06,part,1
67,Donald Rocha,PXGKHQ,donal@example.com,Glasgow,0,2023-11-16,part,1
68,Kathleen Klein,8EQ00N,kathl@example.com,Glasgow,1,2020-11-26,part,0
69,Andrew Hernandez,NQAVCZ,andr@example.com,Birmingham,1,2021-05-18,full,0
70,Lisa Powers,KOSGA6,lisa@example.com,Texas,1,2019-05-24,full,1
71,Denise Hartman,7R8DJ9,denis@example.com,North Carolina,0,2021-12-28,full,0
72,Heather Frank,NW5TJQ,heat@example.com,Texas,0,2022-03-24,part,0
73,Brandon Smith,1YQDC5,brand@example.com,Illinois,0,2023-12-09,part,0
74,Wendy Reynolds,LSOFYT,wend@example.com,Birmingham,0,2023-03-31,full,1
75,Lee Solis,OYYB4Y,leeso@example.com,Michigan,1,2023-09-08,full,0
76,Hannah Taylor,AWUG06,hann@example.com,New York,1,2022-12-05,full,0
77,Charles Jenkins,JTKM7V,charl@example.com,Pennsylvania,0,2021-09-03,full,1
78,Sheri Watson,THVT64,sher@example.com,California,0,2019-09-20,full,0
79,Mr. Kevin Camacho,8M8TKG,mr.ke@example.com,Manchester,1,2020-05-02,full,1
80,Janet Richmond,AUUVI1,janet@example.com,California,0,2021-05-18,full,0
81,Jeffrey Ochoa,V9J2PY,jeffr@example.com,Georgia,1,2023-11-12,part,1
82,Jeffery Vasquez,5WXWJS,jeff@example.com,California,0,2019-07-15,part,1
83,Anne Allen,UVC1CI,annea@example.com,Birmingham,1,2021-10-07,part,1
84,Brad Brown,XDWG97,brad@example.com,Florida,0,2019-12-29,full,0
85,Sandra Solis,TOAQT4,sand@example.com,New York,0,2020-10-24,full,1
86,David Jacobs,S4NXZ8,davi@example.com,Pennsylvania,1,2021-05-03,part,1
87,Peter Kelly,XCNHOZ,peter@example.com,London,0,2019-04-24,part,0
88,John White,I3IPNV,john@example.com,Illinois,1,2020-07-11,full,1
89,Steven Gallegos,72M9UE,stev@example.com,New York,1,2020-03-28,full,1
90,Ryan Jacobson,A5YK5G,ryan@example.com,New York,0,2023-02-01,part,0
91,Michael Mcpherson,ZM0G3N,mich@example.com,Manchester,1,2020-10-31,part,1
92,Breanna Johnson,K8VL2Z,brean@example.com,Pennsylvania,1,2023-02-22,full,0
93,Mark Robbins,N8VQF1,markr@example.com,California,1,2021-03-01,part,0
94,Tonya Hill,K5PP90,tony@example.com,New York,1,2022-05-31,full,0
95,Hunter Scott,QCZI3J,hunte@example.com,Manchester,1,2019-11-15,part,0
96,Kristin Little,HCCU1F,kris@example.com,Georgia,0,2020-11-12,full,1
97,Madison Ross,SP2VW0,madis@example.com,Glasgow,0,2019-09-16,part,1
98,Ann Sweeney,06LTMI,annsw@example.com,Birmingham,0,2023-07-13,part,0
99,Jennifer Davis,C9SVG7,jenni@example.com,Liverpool,0,2023-02-04,full,1
100,Angela Watts,DNX2AZ,angel@example.com,Manchester,0,2023-10-04,part,1
101,Mark Johnson,2RP2W6,mark@example.com,Florida,1,2020-12-06,full,1
102,Meghan Ray,LCNY93,megha@example.com,California,1,2023-08-04,part,0
103,Leslie Edwards,B4DQCO,lesl@example.com,Michigan,1,2019-11-25,part,0
104,Beverly Johnston,O4PONU,bever@example.com,London,0,2020-06-22,full,0
105,Carol Mckenzie,0RU3NQ,caro@example.com,Georgia,0,2022-02-15,full,0
106,Jeremy Higgins,SANTC0,jere@example.com,Glasgow,1,2020-08-26,part,1
107,Daniel Byrd,JJ18I3,danie@example.com,Pennsylvania,1,2020-05-20,full,1
108,Raymond Palmer,MUWE7O,raymo@example.com,Florida,1,2020-02-20,part,1
109,Jason Oneal,E4RK36,jason@example.com,Georgia,0,2022-12-22,full,0
110,Monique Bradford,WYS5I4,moni@example.com,Pennsylvania,1,2021-01-24,part,1
111,Chad Hernandez,1OA68W,chad@example.com,Georgia,0,2021-12-22,full,0
112,Ronald Barnes,7XZ5K8,rona@example.com,Birmingham,0,2022-07-26,full,0
113,Christina Wilson,3SR3ZD,chris@example.com,Michigan,0,2021-02-06,full,0
114,Karen Macdonald,NWAYRV,kare@example.com,Ohio,0,2022-04-19,part,1
115,Patricia Steele,SS9IAK,patr@example.com,New York,0,2019-09-11,part,1
116,Stacey Rush,SQBEPP,stace@example.com,Manchester,0,2021-04-22,full,0
117,Todd Edwards,TUQKNV,todde@example.com,Georgia,0,2019-11-17,part,0
118,Jordan Marshall,FTXVT1,jorda@example.com,Michigan,1,2021-07-04,full,0
119,Jeffrey Arnold,G4YP91,jeffr@example.com,Birmingham,0,2023-06-02,part,1
120,Cynthia Lynch,DCR8WK,cynt@example.com,Glasgow,1,2020-10-14,full,0
121,Amy Garcia,PWUNIL,amyg@example.com,California,0,2021-09-25,full,1
122,Michael Williams,O9MJEZ,micha@example.com,London,1,2019-01-24,full,1
123,April Conner,W2ROVB,april@example.com,Birmingham,1,2023-07-01,part,1
124,Amanda Jensen,MP7GUL,aman@example.com,Texas,1,2019-06-03,full,1
125,Ian Chen,ZC2SXL,ianch@example.com,Birmingham,0,2020-11-24,part,1
126,Charles Pruitt,MBJMIE,charl@example.com,Pennsylvania,0,2021-05-19,full,1
127,Audrey Simon,D69PWU,audre@example.com,Michigan,1,2021-12-16,full,1
128,Amy Sharp,NUN9VX,amysh@example.com,North Carolina,0,2019-12-10,part,1
129,Mary Park,DMN6TJ,mary@example.com,California,0,2019-01-09,part,0
130,Steve Wilson,9VWB51,steve@example.com,Ohio,1,2019-06-15,part,1
131,Ryan Dougherty,XOERDN,ryand@example.com,Georgia,1,2019-06-01,full,1
132,Adrienne Short,IK8D90,adri@example.com,California,0,2022-06-07,full,1
133,Christina Ali,C56135,chris@example.com,Texas,0,2019-03-26,full,1
134,Heather Wilcox,CMLBW5,heath@example.com,Pennsylvania,1,2019-11-16,full,0
135,Vincent Stevenson,VQDNI8,vinc@example.com,Texas,0,2023-04-05,full,0
136,Mark Kim,39P9RH,mark@example.com,Glasgow,1,2021-05-08,full,0
137,Deborah Evans,LPFX0C,debor@example.com,New York,0,2023-04-19,part,0
138,Mary Johnson,0LIF93,maryj@example.com,Texas,0,2022-11-08,part,1
139,Shawn Miller,C01EHE,shaw@example.com,Pennsylvania,0,2020-09-15,part,1
140,Jenna Collins,SGA8GM,jenna@example.com,Birmingham,1,2022-02-09,part,1
141,Brian Parsons,OVU385,bria@example.com,London,0,2020-01-04,full,1
142,Cassandra Rogers,UARYCA,cassa@example.com,North Carolina,0,2023-10-15,part,1
143,Stanley Williams,0J6276,stanl@example.com,Texas,0,2020-09-13,full,0
144,Brandi Olson,GRYZ9Y,brand@example.com,Birmingham,1,2021-04-14,full,0
145,Richard Jackson,5WVG79,richa@example.com,New York,1,2022-03-08,part,0
146,Kimberly Carter,8BXQVV,kimb@example.com,Pennsylvania,1,2020-02-16,full,1
147,Denise Smith,5VURCZ,deni@example.com,Liverpool,0,2019-06-18,part,1
148,John Rodriguez,LFPLQX,john@example.com,Ohio,1,2022-11-28,full,1
149,Melissa Rivera,B9QY24,melis@example.com,Georgia,1,2019-12-04,full,1
150,Vicki Jimenez,EELPQ8,vick@example.com,Pennsylvania,1,2020-10-30,full,1
151,Donald Hart,UB663I,dona@example.com,New York,1,2022-11-06,part,1
152,Jessica Rowe,8RIL1I,jessi@example.com,North Carolina,0,2020-03-01,full,1
153,Jason Green,QMAKQD,jason@example.com,Pennsylvania,0,2019-04-12,part,1
154,Craig Jordan,MYRYDL,crai@example.com,California,0,2023-05-24,full,1
155,Eric Weiss,04NKKX,ericw@example.com,Ohio,1,2023-08-22,part,0
156,Benjamin Butler,XQRJYH,benj@example.com,North Carolina,1,2021-01-28,full,1
157,Katherine Foley,EZ8Y4Q,kath@example.com,Liverpool,1,2023-11-03,full,0
158,Bianca Burke,G4P6CC,bian@example.com,Michigan,0,2020-02-14,full,1
159,Mary Fleming,NFKPQG,mary@example.com,Illinois,0,2020-02-19,part,0
160,Patrick Schroeder,0GPWUU,patr@example.com,Pennsylvania,1,2020-03-06,full,0
161,Deborah Sims,JEHAKP,debo@example.com,Glasgow,1,2019-03-17,part,1
162,Kristy Smith,KRFDRZ,krist@example.com,Georgia,0,2023-08-20,full,1
163,Stephen Ortiz,JDWDHI,steph@example.com,New York,1,2023-06-03,full,0
164,Tyler Walker,PXZQ3Y,tyle@example.com,Manchester,0,2019-12-14,part,0
165,Andrea Bauer,PRSD55,andre@example.com,Georgia,0,2022-03-26,full,0
166,Lisa Franklin,FR4K7A,lisaf@example.com,Illinois,0,2022-04-21,part,0
167,Megan Miller,WU9QFQ,mega@example.com,Michigan,0,2023-06-10,part,0
168,Steven Oconnell,MJU8CS,stev@example.com,Glasgow,1,2019-03-06,part,0
169,Angela Gomez,NM8L76,ange@example.com,Ohio,1,2021-03-02,full,0
170,Linda Wiley,MFO807,lind@example.com,Manchester,0,2019-06-13,full,1
171,David Stanley,AYDOPA,davi@example.com,Illinois,1,2019-08-23,full,0
172,Deborah Beck,PQDZ8Z,debor@example.com,Illinois,1,2020-10-16,full,1
173,Christian Morrison,M1DMJ7,chris@example.com,Pennsylvania,1,2020-12-17,full,1
174,Lisa Turner,VWWFRA,lisa@example.com,Michigan,1,2022-01-04,part,1
175,Krystal Calderon,X72U0V,krys@example.com,Texas,0,2021-05-25,full,1
176,Mary Davis,SKLTIB,maryd@example.com,Ohio,1,2022-05-30,part,1
177,Ronald Joseph,WTO0MQ,ronal@example.com,Glasgow,0,2023-08-03,part,0
178,Amber Hunt,DXZX89,ambe@example.com,Illinois,0,2022-01-28,full,0
179,Carolyn Johnson,B1Q4YJ,caro@example.com,Manchester,0,2022-08-19,full,0
180,Amber Williams,90Y3CA,ambe@example.com,Manchester,1,2020-09-04,part,1
181,Terri Osborne,E5FPTQ,terri@example.com,Liverpool,0,2022-12-09,full,0
182,Krystal Stone,PSGP5S,kryst@example.com,Birmingham,1,2019-07-17,full,0
183,Linda Parker,AB1Z0C,lind@example.com,Ohio,0,2022-12-19,full,1
184,Crystal Garza MD,ZF1C6U,cryst@example.com,Florida,1,2023-12-11,part,0
185,Ashley Hernandez,LXM9VG,ashl@example.com,Texas,0,2022-06-10,full,1
186,Ms. Donna Carter,KGG490,ms.d@example.com,North Carolina,0,2021-05-22,full,0
187,Derek Taylor,CFDA0D,derek@example.com,Florida,0,2021-05-13,full,1
188,William Graham,ADZL49,will@example.com,Ohio,1,2022-07-14,full,1
189,Matthew Howard,U7X6Y1,matth@example.com,Ohio,1,2020-06-29,full,0
190,Ashley Camacho,2SFM06,ashle@example.com,Florida,1,2019-08-29,part,1
191,Taylor Solis,RRSOPB,taylo@example.com,London,1,2023-07-25,full,1
192,Melissa Thompson,F28CWN,melis@example.com,Birmingham,0,2019-11-06,full,1
193,Brandon Young,NR8HTM,brand@example.com,Georgia,0,2021-07-12,full,0
194,Rebekah Hamilton,G7JE6U,rebek@example.com,Liverpool,0,2020-06-18,part,0
195,Justin Stewart,5ZC2T7,justi@example.com,Michigan,1,2021-01-23,full,1
196,Kerry Barnes,585LTD,kerry@example.com,New York,0,2023-04-02,full,1
197,Erica Perez,C350F3,eric@example.com,Georgia,1,2020-02-14,full,1
198,Richard Petersen,A61RRX,rich@example.com,Michigan,0,2023-10-17,part,0
199,Robert Acosta,5I7QSD,robe@example.com,Manchester,0,2020-03-26,full,0
200,Nicholas Robinson,V92UH2,nich@example.com,Georgia,1,2021-10-19,full,1
